time,type,current,reward,risk,close
52,long,112.92,114.17,112.02,111.83
180,long,112.03,113.28,111.13,110.84
279,long,110.58,111.83,109.68,109.59
354,long,109.8,112.05157200001102,110.48907200001102,110.38
480,long,110.81,112.06,109.91,112.04
