time,type,current,reward,risk,close
81,short,112.8,108.61642288426034,110.17892288426034,110.31
287,short,109.97,108.72,110.87,111.15
418,short,110.79,109.54,111.69,111.99
